{
  "agent2": {
    "metrics": {
      "accuracy": 0.72,
      "precision": 0.7,
      "recall": 0.9333333333333333,
      "f1": 0.8,
      "tp": 14,
      "fp": 6,
      "fn": 1,
      "tn": 4,
      "specificity": 0.4
    },
    "y_true": [
      1,
      1,
      0,
      0,
      0,
      0,
      1,
      1,
      1,
      1,
      0,
      1,
      1,
      0,
      1,
      1,
      0,
      1,
      1,
      0,
      1,
      0,
      1,
      1,
      0
    ],
    "y_pred": [
      1,
      1,
      0,
      1,
      0,
      1,
      1,
      1,
      1,
      1,
      0,
      1,
      0,
      0,
      1,
      1,
      1,
      1,
      1,
      1,
      1,
      1,
      1,
      1,
      1
    ],
    "patient_ids": [
      "0001",
      "0002",
      "0003",
      "0004",
      "0005",
      "0006",
      "0007",
      "0008",
      "0009",
      "0010",
      "0011",
      "0012",
      "0013",
      "0014",
      "0015",
      "0016",
      "0017",
      "0018",
      "0019",
      "0020",
      "0021",
      "0022",
      "0023",
      "0024",
      "0025"
    ],
    "n_uncertain": 0
  },
  "agent1_extraction": {
    "score_type": "extraction",
    "best_threshold": 0.75,
    "best_metrics": {
      "accuracy": 0.8,
      "precision": 0.75,
      "recall": 1.0,
      "f1": 0.8571428571428571,
      "tp": 15,
      "fp": 5,
      "fn": 0,
      "tn": 5,
      "specificity": 0.5
    },
    "y_true": [
      1,
      1,
      0,
      0,
      0,
      0,
      1,
      1,
      1,
      1,
      0,
      1,
      1,
      0,
      1,
      1,
      0,
      1,
      1,
      0,
      1,
      0,
      1,
      1,
      0
    ],
    "scores": [
      3.5,
      7.5,
      -2.0,
      5.5,
      4.5,
      4.5,
      4.5,
      2.5,
      4.5,
      2.5,
      2.5,
      2.5,
      5.5,
      0.5,
      6.5,
      4.5,
      0.5,
      2.5,
      4.5,
      2.5,
      4.5,
      0.5,
      6.5,
      4.5,
      0.5
    ],
    "patient_ids": [
      "0001",
      "0002",
      "0003",
      "0004",
      "0005",
      "0006",
      "0007",
      "0008",
      "0009",
      "0010",
      "0011",
      "0012",
      "0013",
      "0014",
      "0015",
      "0016",
      "0017",
      "0018",
      "0019",
      "0020",
      "0021",
      "0022",
      "0023",
      "0024",
      "0025"
    ]
  },
  "agent1_rag": {
    "score_type": "rag_max",
    "best_threshold": 0.25,
    "best_metrics": {
      "accuracy": 0.76,
      "precision": 0.7142857142857143,
      "recall": 1.0,
      "f1": 0.8333333333333334,
      "tp": 15,
      "fp": 6,
      "fn": 0,
      "tn": 4,
      "specificity": 0.4
    },
    "y_true": [
      1,
      1,
      0,
      0,
      0,
      0,
      1,
      1,
      1,
      1,
      0,
      1,
      1,
      0,
      1,
      1,
      0,
      1,
      1,
      0,
      1,
      0,
      1,
      1,
      0
    ],
    "scores": [
      2.0,
      3.5,
      0.0,
      4.5,
      0.0,
      3.5,
      2.0,
      3.5,
      2.0,
      2.0,
      2.0,
      3.5,
      2.0,
      2.0,
      3.5,
      2.0,
      0.0,
      3.5,
      2.0,
      2.0,
      2.0,
      0.0,
      3.5,
      2.0,
      2.0
    ],
    "patient_ids": [
      "0001",
      "0002",
      "0003",
      "0004",
      "0005",
      "0006",
      "0007",
      "0008",
      "0009",
      "0010",
      "0011",
      "0012",
      "0013",
      "0014",
      "0015",
      "0016",
      "0017",
      "0018",
      "0019",
      "0020",
      "0021",
      "0022",
      "0023",
      "0024",
      "0025"
    ]
  },
  "agent1_combined": {
    "score_type": "combined",
    "best_threshold": 2.75,
    "best_metrics": {
      "accuracy": 0.84,
      "precision": 0.8235294117647058,
      "recall": 0.9333333333333333,
      "f1": 0.875,
      "tp": 14,
      "fp": 3,
      "fn": 1,
      "tn": 7,
      "specificity": 0.7
    },
    "y_true": [
      1,
      1,
      0,
      0,
      0,
      0,
      1,
      1,
      1,
      1,
      0,
      1,
      1,
      0,
      1,
      1,
      0,
      1,
      1,
      0,
      1,
      0,
      1,
      1,
      0
    ],
    "scores": [
      3.5,
      7.5,
      0.0,
      5.5,
      4.5,
      4.5,
      4.5,
      3.5,
      4.5,
      2.5,
      2.5,
      3.5,
      5.5,
      2.0,
      6.5,
      4.5,
      0.5,
      3.5,
      4.5,
      2.5,
      4.5,
      0.5,
      6.5,
      4.5,
      2.0
    ],
    "patient_ids": [
      "0001",
      "0002",
      "0003",
      "0004",
      "0005",
      "0006",
      "0007",
      "0008",
      "0009",
      "0010",
      "0011",
      "0012",
      "0013",
      "0014",
      "0015",
      "0016",
      "0017",
      "0018",
      "0019",
      "0020",
      "0021",
      "0022",
      "0023",
      "0024",
      "0025"
    ]
  }
}